HOG	OG	Gene Tree Parent Clade	Mycoplasma_agalactiae	Mycoplasma_gallisepticum	Mycoplasma_genitalium	Mycoplasma_hyopneumoniae
N1.HOG0000000	OG0000000	n0		gi|284812105|gb|AAP56776.2|, gi|284812041|gb|ADB96874.1|, gi|284812040|gb|ADB96873.1|, gi|31541391|gb|AAP56692.1|, gi|31541252|gb|AAP56554.1|, gi|284811956|gb|ADB96859.1|, gi|31541644|gb|AAP56944.1|, gi|31541249|gb|AAP56551.1|, gi|31541398|gb|AAP56699.1|, gi|31541386|gb|AAP56687.1|, gi|284812218|gb|ADB96892.1|, gi|31541472|gb|AAP56773.1|, gi|284811959|gb|ADB96862.1|, gi|31541245|gb|AAP56547.1|, gi|284812042|gb|ADB96875.1|, gi|284811961|gb|ADB96864.1|, gi|31541247|gb|AAP56549.1|, gi|31541647|gb|AAP56947.1|, gi|31541393|gb|AAP56694.1|, gi|284811955|gb|AAP56548.2|, gi|284811960|gb|ADB96863.1|, gi|31541253|gb|AAP56555.1|, gi|31541388|gb|AAP56689.1|, gi|31541642|gb|AAP56942.1|, gi|31541387|gb|AAP56688.1|, gi|31541478|gb|AAP56779.1|, gi|284811958|gb|ADB96861.1|, gi|284811954|gb|ADB96858.1|, gi|31541646|gb|AAP56946.1|, gi|284811957|gb|ADB96860.1|, gi|284811953|gb|ADB96857.1|, gi|31541473|gb|AAP56774.1|, gi|31541396|gb|AAP56697.1|, gi|284812108|gb|ADB96882.1|, gi|284812039|gb|AAP56686.2|, gi|31541394|gb|AAP56695.1|, gi|31541643|gb|AAP56943.1|, gi|31541390|gb|AAP56691.1|, gi|31541250|gb|AAP56552.1|, gi|284812103|gb|ADB96879.1|, gi|284812104|gb|ADB96880.1|, gi|31541474|gb|AAP56775.1|, gi|31541395|gb|AAP56696.1|, gi|31541392|gb|AAP56693.1|, gi|284812107|gb|ADB96881.1|, gi|284811962|gb|ADB96865.1|, gi|31541248|gb|AAP56550.1|, gi|31541645|gb|AAP56945.1|, gi|31541243|gb|AAP56545.1|, gi|284812217|gb|ADB96891.1|, gi|284812219|gb|AAP56940.2|, gi|31541389|gb|AAP56690.1|, gi|31541641|gb|AAP56941.1|, gi|284812129|gb|AAP56806.2|, gi|284812128|gb|AAP56805.2|		
N1.HOG0000001	OG0000001	n0	gi|290752966|emb|CBH40941.1|, gi|290752972|emb|CBH40947.1|, gi|290752688|emb|CBH40662.1|, gi|290752690|emb|CBH40664.1|, gi|290752693|emb|CBH40667.1|, gi|290752505|emb|CBH40477.1|, gi|290752495|emb|CBH40467.1|, gi|290753052|emb|CBH41028.1|, gi|290752622|emb|CBH40595.1|, gi|290752744|emb|CBH40719.1|, gi|290752409|emb|CBH40380.1|, gi|290752503|emb|CBH40475.1|, gi|290753035|emb|CBH41011.1|, gi|290752813|emb|CBH40788.1|, gi|290752814|emb|CBH40789.1|, gi|290753033|emb|CBH41009.1|, gi|290753029|emb|CBH41005.1|, gi|290752512|emb|CBH40484.1|, gi|290753043|emb|CBH41019.1|, gi|290753036|emb|CBH41012.1|, gi|290752812|emb|CBH40787.1|, gi|290752816|emb|CBH40791.1|, gi|290753034|emb|CBH41010.1|, gi|290753045|emb|CBH41021.1|, gi|290753040|emb|CBH41016.1|, gi|290753041|emb|CBH41017.1|, gi|290753046|emb|CBH41022.1|, gi|290752815|emb|CBH40790.1|, gi|290753037|emb|CBH41013.1|, gi|290752818|emb|CBH40793.1|, gi|290753032|emb|CBH41008.1|, gi|290753044|emb|CBH41020.1|, gi|290753031|emb|CBH41007.1|, gi|290753030|emb|CBH41006.1|, gi|290752817|emb|CBH40792.1|, gi|290753042|emb|CBH41018.1|			
N1.HOG0000002	OG0000002	n1	gi|290752801|emb|CBH40776.1|	gi|31541628|gb|AAP56928.1|	gi|3844776|gb|AAC71399.1|	
N1.HOG0000003	OG0000002	n6	gi|290752802|emb|CBH40777.1|	gi|31541629|gb|AAP56929.1|	gi|84626133|gb|AAC71526.2|, gi|3844775|gb|AAC71398.1|	
N1.HOG0000004	OG0000002	n11		gi|284811859|gb|AAP56391.2|	gi|3845003|gb|AAC71638.1|	
N1.HOG0000005	OG0000002	n13	gi|290752894|emb|CBH40869.1|, gi|290752592|emb|CBH40564.1|	gi|284812058|gb|AAP56715.2|	gi|1045683|gb|AAC71230.1|	
N1.HOG0000006	OG0000002	n17	gi|290753081|emb|CBH41057.1|	gi|31541070|gb|AAP56372.1|	gi|3845062|gb|AAC72487.1|, gi|3845064|gb|AAC72489.1|, gi|1045740|gb|AAC71283.1|	
N1.HOG0000007	OG0000002	n22	gi|290752526|emb|CBH40498.1|	gi|31541268|gb|AAP56569.1|	gi|1045987|gb|AAC71511.1|	
N1.HOG0000008	OG0000003	n0	gi|290752288|emb|CBH40259.1|, gi|290752799|emb|CBH40774.1|, gi|290752419|emb|CBH40390.1|, gi|290752970|emb|CBH40945.1|, gi|290752820|emb|CBH40795.1|, gi|290753048|emb|CBH41024.1|, gi|290752368|emb|CBH40339.1|, gi|290752768|emb|CBH40743.1|, gi|290752643|emb|CBH40616.1|, gi|290752636|emb|CBH40609.1|, gi|290753018|emb|CBH40994.1|, gi|290752811|emb|CBH40786.1|, gi|290752719|emb|CBH40693.1|, gi|290752611|emb|CBH40583.1|, gi|290752473|emb|CBH40445.1|			
N1.HOG0000009	OG0000004	n0	gi|290752424|emb|CBH40395.1|	gi|31541304|gb|AAP56605.1|		
N1.HOG0000010	OG0000005	n0		gi|284811899|gb|ADB96852.1|, gi|284812096|gb|AAP56764.2|, gi|284812094|gb|AAP56762.2|, gi|284812095|gb|AAP56763.2|, gi|31541464|gb|AAP56765.1|, gi|284811935|gb|AAP56514.2|, gi|284811979|gb|AAP56580.2|, gi|284811937|gb|AAP56516.2|, gi|31541144|gb|AAP56446.1|, gi|284811898|gb|AAP56461.2|, gi|284811900|gb|AAP56462.2|, gi|31541211|gb|AAP56513.1|, gi|284811889|gb|AAP56448.2|		
N1.HOG0000011	OG0000006	n0	gi|290752766|emb|CBH40741.1|, gi|290752269|emb|CBH40240.1|, gi|290752270|emb|CBH40241.1|, gi|290752490|emb|CBH40462.1|, gi|290752414|emb|CBH40385.1|	gi|31541382|gb|AAP56683.1|, gi|31541260|gb|AAP56562.1|	gi|3844927|gb|AAC71569.1|, gi|3844907|gb|AAC71551.1|, gi|1046010|gb|AAC71532.1|	
N1.HOG0000012	OG0000007	n0	gi|290753066|emb|CBH41042.1|	gi|284811924|gb|AAP56500.2|, gi|284811927|gb|ADB96855.1|, gi|284811928|gb|ADB96856.1|, gi|31541383|gb|AAP56684.1|, gi|31541331|gb|AAP56632.1|, gi|31541124|gb|AAP56426.1|, gi|31541333|gb|AAP56634.1|	gi|3844628|gb|AAC71235.1|, gi|3844797|gb|AAC71418.1|	
N1.HOG0000013	OG0000008	n0	gi|290752974|emb|CBH40950.1|, gi|290752287|emb|CBH40258.1|, gi|290752692|emb|CBH40666.1|, gi|290752691|emb|CBH40665.1|, gi|290753064|emb|CBH41040.1|, gi|290752286|emb|CBH40257.1|, gi|290752289|emb|CBH40260.1|, gi|290752684|emb|CBH40657.1|, gi|290752617|emb|CBH40590.1|, gi|290752399|emb|CBH40370.1|			
N1.HOG0000014	OG0000009	n1	gi|290752822|emb|CBH40797.1|, gi|290752964|emb|CBH40939.1|	gi|284812191|gb|AAP56899.2|	gi|3844716|gb|AAC71343.1|, gi|3844861|gb|AAC71487.1|	
N1.HOG0000015	OG0000009	n6	gi|290752696|emb|CBH40670.1|	gi|31541320|gb|AAP56621.1|	gi|3844859|gb|AAC71485.1|	
N1.HOG0000016	OG0000010	n0	gi|290752903|emb|CBH40878.1|, gi|290752907|emb|CBH40882.1|, gi|290752904|emb|CBH40879.1|, gi|290752901|emb|CBH40876.1|, gi|290752900|emb|CBH40875.1|, gi|290752906|emb|CBH40881.1|, gi|290752895|emb|CBH40870.1|, gi|290752905|emb|CBH40880.1|, gi|290752910|emb|CBH40885.1|, gi|290752911|emb|CBH40886.1|			
N1.HOG0000017	OG0000011	n0	gi|290752565|emb|CBH40537.1|, gi|290752566|emb|CBH40538.1|, gi|290752539|emb|CBH40511.1|	gi|284812288|gb|AAP57057.2|, gi|284812274|gb|AAP57044.2|, gi|284812289|gb|AAP57058.2|		
N1.HOG0000018	OG0000012	n0		gi|31541315|gb|AAP56616.1|		
N1.HOG0000019	OG0000013	n1	gi|290753075|emb|CBH41051.1|	gi|31541775|gb|AAP57074.1|	gi|1045671|gb|AAC71219.1|	
N1.HOG0000020	OG0000013	n4	gi|290752440|emb|CBH40411.1|	gi|284812100|gb|AAP56770.2|	gi|3844801|gb|AAC71421.1|	
N1.HOG0000021	OG0000014	n1	gi|290752858|emb|CBH40833.1|	gi|31541774|gb|AAP57073.1|	gi|1045672|gb|AAC71220.1|	
N1.HOG0000022	OG0000014	n4	gi|290752441|emb|CBH40412.1|	gi|284812099|gb|AAP56769.2|	gi|3844802|gb|AAC71422.1|	
N1.HOG0000023	OG0000015	n1	gi|290753056|emb|CBH41032.1|	gi|31541547|gb|AAP56847.1|	gi|3844958|gb|AAC71597.1|	
N1.HOG0000024	OG0000015	n4	gi|290752997|emb|CBH40973.1|	gi|284811965|gb|AAP56559.2|	gi|3844807|gb|AAC71427.1|	
N1.HOG0000025	OG0000016	n0		gi|284811936|gb|AAP56515.2|, gi|284812143|gb|AAP56825.2|, gi|284812000|gb|AAP56613.2|, gi|31541699|gb|AAP56999.1|, gi|31541300|gb|AAP56601.1|, gi|284812106|gb|AAP56777.2|, gi|284812142|gb|AAP56824.2|, gi|284812141|gb|AAP56823.2|		
N1.HOG0000026	OG0000017	n4	gi|290752376|emb|CBH40347.1|		gi|3845025|gb|AAC72453.1|	
N1.HOG0000027	OG0000017	n5	gi|290753074|emb|CBH41050.1|		gi|3845036|gb|AAC72463.1|	
N1.HOG0000028	OG0000018	n0	gi|290752482|emb|CBH40454.1|, gi|290752494|emb|CBH40466.1|, gi|290752976|emb|CBH40952.1|	gi|284811903|gb|ADB96853.1|, gi|31541254|gb|AAP56556.1|, gi|31541165|gb|AAP56467.1|		
N1.HOG0000029	OG0000019	n0		gi|284811934|gb|AAP56512.2|, gi|284811890|gb|AAP56449.2|, gi|284812261|gb|AAP57022.2|, gi|284811897|gb|AAP56460.2|, gi|31541145|gb|AAP56447.1|, gi|284812262|gb|AAP57023.2|, gi|284811891|gb|AAP56450.2|		
N1.HOG0000030	OG0000020	n0		gi|284812290|gb|AAP57060.2|, gi|284812286|gb|AAP57055.2|, gi|284812283|gb|ADB96897.1|, gi|284812285|gb|ADB96899.1|, gi|31541760|gb|AAP57059.1|, gi|31541755|gb|AAP57054.1|, gi|284812284|gb|ADB96898.1|		
N1.HOG0000031	OG0000023	n0	gi|290752502|emb|CBH40474.1|, gi|290753065|emb|CBH41041.1|, gi|290752421|emb|CBH40392.1|, gi|290752422|emb|CBH40393.1|, gi|290752278|emb|CBH40249.1|			
N1.HOG0000032	OG0000024	n0	gi|290752435|emb|CBH40406.1|	gi|284811929|gb|AAP56506.2|, gi|284811925|gb|AAP56502.2|, gi|31541203|gb|AAP56505.1|, gi|284811978|gb|AAP56579.2|	gi|3845040|gb|AAC72467.1|	
N1.HOG0000033	OG0000025	n0	gi|290752576|emb|CBH40548.1|, gi|290752559|emb|CBH40531.1|, gi|290752737|emb|CBH40712.1|, gi|290752921|emb|CBH40896.1|		gi|3844741|gb|AAC71366.1|	
N1.HOG0000034	OG0000026	n0	gi|290752916|emb|CBH40891.1|, gi|290752564|emb|CBH40536.1|, gi|290752741|emb|CBH40716.1|, gi|290752608|emb|CBH40580.1|, gi|290752609|emb|CBH40581.1|, gi|290752640|emb|CBH40613.1|			
N1.HOG0000035	OG0000027	n0	gi|290753070|emb|CBH41046.1|, gi|290752578|emb|CBH40550.1|	gi|284812024|gb|AAP56660.2|, gi|284811976|gb|AAP56577.2|	gi|3844906|gb|AAC71550.1|, gi|84626127|gb|AAC72470.2|	
N1.HOG0000036	OG0000028	n0	gi|290752594|emb|CBH40566.1|	gi|284812144|gb|AAP56826.2|, gi|284812281|gb|AAP57051.2|	gi|3845041|gb|AAC72468.1|, gi|3845001|gb|AAC71636.1|	
N1.HOG0000037	OG0000029	n1	gi|290752704|emb|CBH40678.1|			
N1.HOG0000038	OG0000029	n2	gi|290752705|emb|CBH40679.1|	gi|284811856|gb|AAP56387.2|	gi|84626159|gb|AAC71409.2|	
N1.HOG0000039	OG0000030	n0	gi|290752785|emb|CBH40760.1|	gi|284811853|gb|AAP56382.2|	gi|3844856|gb|AAC71481.1|, gi|3844781|gb|AAC71404.1|	
N1.HOG0000040	OG0000033	n0	gi|290752267|emb|CBH40238.1|, gi|290752987|emb|CBH40963.1|	gi|31541051|gb|AAP56353.1|	gi|3845066|gb|AAC72490.1|	
N1.HOG0000041	OG0000034	n0	gi|290752284|emb|CBH40255.1|, gi|290752283|emb|CBH40254.1|	gi|284812152|gb|AAP56841.2|, gi|284812151|gb|AAP56840.2|	gi|3844864|gb|AAC71490.1|	
N1.HOG0000042	OG0000035	n0	gi|290752285|emb|CBH40256.1|, gi|290752871|emb|CBH40846.1|, gi|290752870|emb|CBH40845.1|, gi|290752517|emb|CBH40489.1|, gi|290752509|emb|CBH40481.1|			
N1.HOG0000043	OG0000036	n0	gi|290752320|emb|CBH40291.1|	gi|31541360|gb|AAP56661.1|, gi|284812198|gb|AAP56912.2|	gi|3844880|gb|AAC71523.1|	
N1.HOG0000044	OG0000037	n0	gi|290752370|emb|CBH40341.1|	gi|284812162|gb|ADB96883.1|, gi|284812163|gb|ADB96884.1|	gi|1045754|gb|AAC71295.1|	
N1.HOG0000045	OG0000038	n0	gi|290752403|emb|CBH40374.1|, gi|290752774|emb|CBH40749.1|	gi|284812229|gb|AAP56971.2|	gi|3844878|gb|AAC71521.1|	
N1.HOG0000046	OG0000039	n0	gi|290752404|emb|CBH40375.1|, gi|290752775|emb|CBH40750.1|	gi|284812148|gb|AAP56837.2|	gi|3844941|gb|AAC71582.1|	
N1.HOG0000047	OG0000040	n0	gi|290752463|emb|CBH40435.1|	gi|31541205|gb|AAP56507.1|, gi|284811926|gb|AAP56503.2|	gi|3844630|gb|AAC71237.1|	
N1.HOG0000048	OG0000041	n0	gi|290752471|emb|CBH40443.1|	gi|284812236|gb|AAP56985.2|	gi|3844701|gb|AAC71330.1|	
N1.HOG0000049	OG0000042	n1	gi|290752510|emb|CBH40482.1|			
N1.HOG0000050	OG0000042	n2	gi|290752511|emb|CBH40483.1|, gi|290752944|emb|CBH40919.1|			
N1.HOG0000051	OG0000043	n0	gi|290752567|emb|CBH40539.1|, gi|290752540|emb|CBH40512.1|	gi|284812276|gb|AAP57047.2|, gi|284812287|gb|AAP57056.2|		
N1.HOG0000052	OG0000044	n0	gi|290752919|emb|CBH40894.1|, gi|290752739|emb|CBH40714.1|, gi|290752561|emb|CBH40533.1|, gi|290752563|emb|CBH40535.1|, gi|290752917|emb|CBH40892.1|			
N1.HOG0000053	OG0000045	n0	gi|290752681|emb|CBH40654.1|, gi|290752794|emb|CBH40769.1|	gi|284812214|gb|AAP56936.2|	gi|84626160|gb|AAC71265.2|	
N1.HOG0000054	OG0000046	n0	gi|290752800|emb|CBH40775.1|	gi|31541627|gb|AAP56927.1|	gi|3844881|gb|AAC71524.1|, gi|3844777|gb|AAC71400.1|	
N1.HOG0000055	OG0000047	n0	gi|290753026|emb|CBH41002.1|, gi|290752884|emb|CBH40859.1|	gi|284812126|gb|AAP56803.2|	gi|3844982|gb|AAC71619.1|	
N1.HOG0000056	OG0000048	n0	gi|290753076|emb|CBH41052.1|	gi|31541133|gb|AAP56435.1|, gi|284812234|gb|AAP56983.2|	gi|3844715|gb|AAC71342.1|	
N1.HOG0000057	OG0000049	n0	gi|290753082|emb|CBH41058.1|	gi|31541069|gb|AAP56371.1|	gi|3845063|gb|AAC72488.1|, gi|3844662|gb|AAC71282.1|	
N1.HOG0000058	OG0000050	n0		gi|31541604|gb|AAP56904.1|, gi|31541605|gb|AAP56905.1|, gi|31541606|gb|AAP56906.1|	gi|3845046|gb|AAC72472.1|, gi|84626135|gb|AAC71350.2|	
N1.HOG0000059	OG0000051	n0		gi|284812199|gb|AAP56913.2|, gi|284812196|gb|AAP56908.2|	gi|84626129|gb|AAC71531.2|, gi|3844886|gb|AAC71529.1|, gi|84626137|gb|AAC71563.2|	
N1.HOG0000060	OG0000054	n0	gi|290752280|emb|CBH40251.1|	gi|284812216|gb|AAP56939.2|	gi|3844709|gb|AAC71337.1|	
N1.HOG0000061	OG0000055	n0	gi|290752281|emb|CBH40252.1|	gi|31541638|gb|AAP56938.1|	gi|3844710|gb|AAC71338.1|	
N1.HOG0000062	OG0000056	n0	gi|290752282|emb|CBH40253.1|	gi|284812215|gb|AAP56937.2|	gi|3844711|gb|AAC71339.1|	
N1.HOG0000063	OG0000057	n0	gi|290752293|emb|CBH40264.1|, gi|290752742|emb|CBH40717.1|	gi|284811892|gb|AAP56452.2|		
N1.HOG0000064	OG0000058	n0	gi|290752304|emb|CBH40275.1|	gi|284812267|gb|AAP57029.2|	gi|3844851|gb|AAC71473.1|	
N1.HOG0000065	OG0000059	n0	gi|290752305|emb|CBH40276.1|	gi|31541729|gb|AAP57028.1|	gi|3844850|gb|AAC71472.1|	
N1.HOG0000066	OG0000060	n0	gi|290752309|emb|CBH40280.1|	gi|284812244|gb|AAP56997.2|	gi|1045727|gb|AAC71270.1|	
N1.HOG0000067	OG0000061	n0	gi|290752311|emb|CBH40282.1|	gi|284811883|gb|AAP56439.2|	gi|3845027|gb|AAC72455.1|	
N1.HOG0000068	OG0000062	n0	gi|290752312|emb|CBH40283.1|	gi|284811884|gb|AAP56440.2|	gi|3845028|gb|AAC72456.1|	
N1.HOG0000069	OG0000063	n0	gi|290752316|emb|CBH40287.1|	gi|284811837|gb|AAP56360.2|	gi|3845058|gb|AAC72483.1|	
N1.HOG0000070	OG0000064	n0	gi|290752317|emb|CBH40288.1|	gi|284812295|gb|AAP57068.2|	gi|1045677|gb|AAC71225.1|	
N1.HOG0000071	OG0000065	n0	gi|290752318|emb|CBH40289.1|	gi|284812296|gb|AAP57069.2|	gi|1045676|gb|AAC71224.1|	
N1.HOG0000072	OG0000066	n0	gi|290752321|emb|CBH40292.1|	gi|284812299|gb|AAP57072.2|	gi|1045673|gb|AAC71221.1|	
N1.HOG0000073	OG0000067	n0	gi|290752323|emb|CBH40294.1|	gi|31541055|gb|AAP56357.1|	gi|3845061|gb|AAC72486.1|	
N1.HOG0000074	OG0000068	n0	gi|290752324|emb|CBH40295.1|	gi|284811836|gb|AAP56358.2|	gi|3845060|gb|AAC72485.1|	
N1.HOG0000075	OG0000069	n0	gi|290752325|emb|CBH40296.1|	gi|31541057|gb|AAP56359.1|	gi|3845059|gb|AAC72484.1|	
N1.HOG0000076	OG0000070	n0	gi|290752326|emb|CBH40297.1|	gi|31541531|gb|AAP56831.1|	gi|1045964|gb|AAC71492.1|	
N1.HOG0000077	OG0000071	n0	gi|290752330|emb|CBH40301.1|	gi|284811887|gb|AAP56444.2|	gi|3844641|gb|AAC71247.1|	
N1.HOG0000078	OG0000072	n0	gi|290752332|emb|CBH40303.1|	gi|284812054|gb|AAP56711.2|	gi|3844791|gb|AAC71412.1|	
N1.HOG0000079	OG0000073	n0	gi|290752333|emb|CBH40304.1|	gi|31541659|gb|AAP56959.1|	gi|3844685|gb|AAC71315.1|	
N1.HOG0000080	OG0000074	n0	gi|290752334|emb|CBH40305.1|	gi|284812055|gb|AAP56712.2|	gi|3844792|gb|AAC71413.1|	
N1.HOG0000081	OG0000075	n0	gi|290752335|emb|CBH40306.1|	gi|284812015|gb|AAP56640.2|	gi|3844985|gb|AAC71622.1|	
N1.HOG0000082	OG0000076	n0	gi|290752337|emb|CBH40308.1|	gi|284812009|gb|AAP56629.2|	gi|3844918|gb|AAC71561.1|	
N1.HOG0000083	OG0000077	n0	gi|290752339|emb|CBH40310.1|	gi|284812207|gb|AAP56923.2|	gi|3844944|gb|AAC71585.1|	
N1.HOG0000084	OG0000078	n0	gi|290752340|emb|CBH40311.1|	gi|284812097|gb|AAP56767.2|	gi|84626151|gb|AAC71461.2|	
N1.HOG0000085	OG0000079	n0	gi|290752344|emb|CBH40315.1|	gi|284812255|gb|AAP57011.2|	gi|3844632|gb|AAC71239.1|	
N1.HOG0000086	OG0000080	n0	gi|290752346|emb|CBH40317.1|	gi|31541714|gb|AAP57014.1|	gi|3844668|gb|AAC71299.1|	
N1.HOG0000087	OG0000081	n0	gi|290752347|emb|CBH40318.1|	gi|31541715|gb|AAP57015.1|	gi|3844669|gb|AAC71300.1|	
N1.HOG0000088	OG0000082	n0	gi|290752351|emb|CBH40322.1|	gi|284812027|gb|AAP56668.2|	gi|3844929|gb|AAC71571.1|	
N1.HOG0000089	OG0000083	n0	gi|290752354|emb|CBH40325.1|	gi|284812230|gb|AAP56972.2|	gi|3845035|gb|AAC72462.1|	
N1.HOG0000090	OG0000084	n0	gi|290752357|emb|CBH40328.1|	gi|31541766|gb|AAP57065.1|	gi|3844673|gb|AAC71304.1|	
N1.HOG0000091	OG0000085	n0	gi|290752358|emb|CBH40329.1|	gi|284812132|gb|AAP56811.2|	gi|3844690|gb|AAC71320.1|	
N1.HOG0000092	OG0000086	n0	gi|290752360|emb|CBH40331.1|	gi|31541535|gb|AAP56835.1|	gi|3844867|gb|AAC71496.1|	
N1.HOG0000093	OG0000087	n0	gi|290752361|emb|CBH40332.1|	gi|284812147|gb|AAP56834.2|	gi|3844866|gb|AAC71495.1|	
N1.HOG0000094	OG0000088	n0	gi|290752363|emb|CBH40334.1|	gi|31541533|gb|AAP56833.1|	gi|1045966|gb|AAC71494.1|	
N1.HOG0000095	OG0000089	n0	gi|290752364|emb|CBH40335.1|	gi|31541532|gb|AAP56832.1|	gi|1045965|gb|AAC71493.1|	
N1.HOG0000096	OG0000090	n0	gi|290752365|emb|CBH40336.1|	gi|284812174|gb|AAP56880.2|	gi|3845019|gb|AAC72447.1|	
N1.HOG0000097	OG0000091	n0	gi|290752366|emb|CBH40337.1|	gi|284811933|gb|AAP56511.2|	gi|3844639|gb|AAC71245.1|	
N1.HOG0000098	OG0000092	n0	gi|290752371|emb|CBH40342.1|	gi|31541565|gb|AAP56865.1|	gi|1045755|gb|AAC71296.1|	
N1.HOG0000099	OG0000093	n0	gi|290752372|emb|CBH40343.1|	gi|284812161|gb|AAP56864.2|	gi|1045756|gb|AAC71297.1|	
N1.HOG0000100	OG0000094	n0	gi|290752373|emb|CBH40344.1|	gi|284812160|gb|AAP56863.2|	gi|1045757|gb|AAC71298.1|	
N1.HOG0000101	OG0000095	n0	gi|290752378|emb|CBH40349.1|	gi|284811919|gb|AAP56490.2|	gi|3844988|gb|AAC71624.1|	
N1.HOG0000102	OG0000096	n0	gi|290752379|emb|CBH40350.1|	gi|284812083|gb|AAP56746.2|	gi|3844981|gb|AAC71618.1|	
N1.HOG0000103	OG0000097	n0	gi|290752381|emb|CBH40352.1|	gi|284812081|gb|AAP56744.2|	gi|84626130|gb|AAC71615.2|	
N1.HOG0000104	OG0000098	n0	gi|290752382|emb|CBH40353.1|	gi|284812212|gb|AAP56933.2|	gi|1045725|gb|AAC71268.1|	
N1.HOG0000105	OG0000099	n0	gi|290752383|emb|CBH40354.1|	gi|31541442|gb|AAP56743.1|	gi|3844976|gb|AAC71614.1|	
N1.HOG0000106	OG0000100	n0	gi|290752384|emb|CBH40355.1|	gi|284812121|gb|AAP56795.2|	gi|3844901|gb|AAC71546.1|	
N1.HOG0000107	OG0000101	n0	gi|290752385|emb|CBH40356.1|	gi|31541270|gb|AAP56571.1|	gi|1045979|gb|AAC71505.1|	
N1.HOG0000108	OG0000102	n0	gi|290752391|emb|CBH40362.1|	gi|284812139|gb|AAP56819.2|	gi|3844651|gb|AAC71258.1|	
N1.HOG0000109	OG0000103	n0	gi|290752392|emb|CBH40363.1|	gi|284812138|gb|AAP56818.2|	gi|3844652|gb|AAC71259.1|	
N1.HOG0000110	OG0000104	n0	gi|290752393|emb|CBH40364.1|	gi|284812137|gb|AAP56817.2|	gi|3844653|gb|AAC71260.1|	
N1.HOG0000111	OG0000105	n0	gi|290752395|emb|CBH40366.1|	gi|31541196|gb|AAP56498.1|	gi|3844949|gb|AAC71589.1|	
N1.HOG0000112	OG0000106	n0	gi|290752401|emb|CBH40372.1|	gi|284812203|gb|AAP56918.2|	gi|3844913|gb|AAC71557.1|	
N1.HOG0000113	OG0000107	n0	gi|290752406|emb|CBH40377.1|	gi|284812204|gb|AAP56919.2|	gi|3844914|gb|AAC71558.1|	
N1.HOG0000114	OG0000108	n0	gi|290752408|emb|CBH40379.1|	gi|31541529|gb|AAP56829.1|	gi|3844816|gb|AAC71435.1|	
N1.HOG0000115	OG0000109	n0	gi|290752410|emb|CBH40381.1|	gi|284812184|gb|AAP56889.2|	gi|1046004|gb|AAC71527.1|	
N1.HOG0000116	OG0000110	n0	gi|290752420|emb|CBH40391.1|	gi|284812063|gb|AAP56723.2|	gi|3844842|gb|AAC71459.1|	
N1.HOG0000117	OG0000111	n0	gi|290752426|emb|CBH40397.1|	gi|284811981|gb|AAP56583.2|	gi|1045955|gb|AAC71483.1|	
N1.HOG0000118	OG0000112	n0	gi|290752427|emb|CBH40398.1|	gi|31541281|gb|AAP56582.1|	gi|1045954|gb|AAC71482.1|	
N1.HOG0000119	OG0000113	n0	gi|290752433|emb|CBH40404.1|	gi|284812242|gb|AAP56993.2|	gi|3844967|gb|AAC71606.1|	
N1.HOG0000120	OG0000114	n0	gi|290752443|emb|CBH40414.1|	gi|284812043|gb|AAP56698.2|, gi|284812092|gb|AAP56757.2|		
N1.HOG0000121	OG0000115	n0	gi|290752445|emb|CBH40416.1|	gi|31541694|gb|AAP56994.1|	gi|3844968|gb|AAC71607.1|	
N1.HOG0000122	OG0000116	n0	gi|290752446|emb|CBH40417.1|	gi|284812209|gb|AAP56925.2|	gi|84626144|gb|AAC71275.2|	
N1.HOG0000123	OG0000117	n0	gi|290752450|emb|CBH40422.1|	gi|284811852|gb|AAP56380.2|	gi|1045741|gb|AAC71284.1|	
N1.HOG0000124	OG0000118	n0	gi|290752451|emb|CBH40423.1|	gi|284812007|gb|AAP56625.2|	gi|3844935|gb|AAC71576.1|	
N1.HOG0000125	OG0000119	n0	gi|290752456|emb|CBH40428.1|	gi|31541557|gb|AAP56857.1|	gi|3844722|gb|AAC71349.1|	
N1.HOG0000126	OG0000120	n0	gi|290752458|emb|CBH40430.1|	gi|31541496|gb|AAP56796.1|	gi|3844902|gb|AAC71547.1|	
N1.HOG0000127	OG0000121	n0	gi|290752461|emb|CBH40433.1|	gi|284811939|gb|AAP56521.2|	gi|1045995|gb|AAC71519.1|	
N1.HOG0000128	OG0000122	n0	gi|290752465|emb|CBH40437.1|	gi|284812130|gb|AAP56808.2|	gi|3844693|gb|AAC71322.1|	
N1.HOG0000129	OG0000123	n0	gi|290752467|emb|CBH40439.1|	gi|31541690|gb|AAP56990.1|	gi|3844696|gb|AAC71325.1|	
N1.HOG0000130	OG0000124	n0	gi|290752470|emb|CBH40442.1|	gi|31541687|gb|AAP56987.1|	gi|3844699|gb|AAC71328.1|	
N1.HOG0000131	OG0000125	n0	gi|290752480|emb|CBH40452.1|	gi|284812028|gb|AAP56669.2|	gi|84626124|gb|AAC71570.2|	
N1.HOG0000132	OG0000126	n0	gi|290752483|emb|CBH40455.1|	gi|31541654|gb|AAP56954.1|	gi|84626136|gb|AAC71583.2|	
N1.HOG0000133	OG0000127	n0	gi|290752484|emb|CBH40456.1|	gi|31541653|gb|AAP56953.1|	gi|3844943|gb|AAC71584.1|	
N1.HOG0000134	OG0000128	n0	gi|290752489|emb|CBH40461.1|	gi|31541130|gb|AAP56432.1|	gi|3845014|gb|AAC71648.1|	
N1.HOG0000135	OG0000129	n0	gi|290752979|emb|CBH40955.1|, gi|290752491|emb|CBH40463.1|	gi|31541295|gb|AAP56596.1|		
N1.HOG0000136	OG0000130	n0	gi|290752978|emb|CBH40954.1|, gi|290752492|emb|CBH40464.1|	gi|31541296|gb|AAP56597.1|		
N1.HOG0000137	OG0000131	n0	gi|290752977|emb|CBH40953.1|, gi|290752493|emb|CBH40465.1|	gi|31541297|gb|AAP56598.1|		
N1.HOG0000138	OG0000132	n0	gi|290752497|emb|CBH40469.1|	gi|31541662|gb|AAP56962.1|	gi|3844680|gb|AAC71311.1|	
N1.HOG0000139	OG0000133	n0	gi|290752498|emb|CBH40470.1|	gi|31541661|gb|AAP56961.1|	gi|84626146|gb|AAC71312.2|	
N1.HOG0000140	OG0000134	n0	gi|290752499|emb|CBH40471.1|	gi|284812150|gb|AAP56839.2|	gi|3844739|gb|AAC71364.1|	
N1.HOG0000141	OG0000135	n0	gi|290752515|emb|CBH40487.1|	gi|31541573|gb|AAP56873.1|	gi|1045746|gb|AAC71288.1|	
N1.HOG0000142	OG0000136	n0	gi|290752516|emb|CBH40488.1|	gi|284811882|gb|AAP56438.2|	gi|3845026|gb|AAC72454.1|	
N1.HOG0000143	OG0000137	n0	gi|290752519|emb|CBH40491.1|	gi|31541536|gb|AAP56836.1|	gi|84626154|gb|AAC71497.2|	
N1.HOG0000144	OG0000138	n0	gi|290752521|emb|CBH40493.1|	gi|284812078|gb|AAP56739.2|	gi|1045940|gb|AAC71469.1|	
N1.HOG0000145	OG0000139	n0	gi|290752522|emb|CBH40494.1|	gi|284812079|gb|AAP56740.2|	gi|3844848|gb|AAC71470.1|	
N1.HOG0000146	OG0000140	n0	gi|290752523|emb|CBH40495.1|	gi|284812080|gb|AAP56741.2|	gi|3844849|gb|AAC71471.1|	
N1.HOG0000147	OG0000141	n0	gi|290752525|emb|CBH40497.1|	gi|31541267|gb|AAP56568.1|	gi|1045986|gb|AAC71510.1|	
N1.HOG0000148	OG0000142	n0	gi|290752527|emb|CBH40499.1|	gi|31541269|gb|AAP56570.1|	gi|1045988|gb|AAC71512.1|	
N1.HOG0000149	OG0000143	n0	gi|290752529|emb|CBH40501.1|	gi|31541079|gb|AAP56381.1|	gi|1045748|gb|AAC71290.1|	
N1.HOG0000150	OG0000144	n0	gi|290752531|emb|CBH40503.1|	gi|31541684|gb|AAP56984.1|	gi|3844712|gb|AAC71340.1|	
N1.HOG0000151	OG0000145	n0	gi|290752532|emb|CBH40504.1|	gi|31541665|gb|AAP56965.1|	gi|3844677|gb|AAC71308.1|	
N1.HOG0000152	OG0000146	n0	gi|290752534|emb|CBH40506.1|	gi|31541663|gb|AAP56963.1|	gi|3844679|gb|AAC71310.1|	
N1.HOG0000153	OG0000147	n0	gi|290752535|emb|CBH40507.1|	gi|31541510|gb|AAP56810.1|	gi|3844691|gb|AAC71321.1|	
N1.HOG0000154	OG0000148	n0	gi|290752538|emb|CBH40510.1|	gi|284812280|gb|AAP57050.2|	gi|3844852|gb|AAC71474.1|	
N1.HOG0000155	OG0000149	n0	gi|290752934|emb|CBH40909.1|, gi|290752545|emb|CBH40517.1|, gi|290752725|emb|CBH40699.1|, gi|290752647|emb|CBH40620.1|			
N1.HOG0000156	OG0000150	n0	gi|290752728|emb|CBH40702.1|, gi|290752644|emb|CBH40617.1|, gi|290752931|emb|CBH40906.1|, gi|290752548|emb|CBH40520.1|			
N1.HOG0000157	OG0000151	n0	gi|290752553|emb|CBH40525.1|, gi|290752927|emb|CBH40902.1|, gi|290752732|emb|CBH40706.1|, gi|290752552|emb|CBH40524.1|			
N1.HOG0000158	OG0000152	n0	gi|290752925|emb|CBH40900.1|, gi|290752733|emb|CBH40708.1|, gi|290752555|emb|CBH40527.1|			
N1.HOG0000159	OG0000153	n0	gi|290752924|emb|CBH40899.1|, gi|290752556|emb|CBH40528.1|, gi|290752734|emb|CBH40709.1|			
N1.HOG0000160	OG0000154	n0	gi|290752557|emb|CBH40529.1|, gi|290752923|emb|CBH40898.1|, gi|290752968|emb|CBH40943.1|, gi|290752735|emb|CBH40710.1|			
N1.HOG0000161	OG0000155	n0	gi|290752572|emb|CBH40544.1|	gi|284812250|gb|AAP57005.2|, gi|284812249|gb|AAP57004.2|		
N1.HOG0000162	OG0000156	n0	gi|290752580|emb|CBH40552.1|	gi|284812070|gb|AAP56730.2|	gi|1045935|gb|AAC71464.1|	
N1.HOG0000163	OG0000157	n0	gi|290752583|emb|CBH40555.1|	gi|284811986|gb|AAP56589.2|	gi|3844702|gb|AAC71331.1|	
N1.HOG0000164	OG0000158	n0	gi|290752586|emb|CBH40558.1|	gi|31541507|gb|AAP56807.1|	gi|84626161|gb|AAC71323.2|	
N1.HOG0000165	OG0000159	n0	gi|290752589|emb|CBH40561.1|	gi|31541561|gb|AAP56861.1|	gi|3844636|gb|AAC71242.1|	
N1.HOG0000166	OG0000160	n0	gi|290752591|emb|CBH40563.1|, gi|290752893|emb|CBH40868.1|	gi|284811835|gb|AAP56356.2|	gi|1045684|gb|AAC71231.1|	
N1.HOG0000167	OG0000161	n0	gi|290752593|emb|CBH40565.1|	gi|31541588|gb|AAP56888.1|, gi|284811843|gb|AAP56367.2|		
N1.HOG0000168	OG0000162	n0	gi|290752596|emb|CBH40568.1|	gi|284811982|gb|AAP56584.2|	gi|3844857|gb|AAC71484.1|	
N1.HOG0000169	OG0000163	n0	gi|290752597|emb|CBH40569.1|	gi|284812237|gb|AAP56986.2|	gi|3844700|gb|AAC71329.1|	
N1.HOG0000170	OG0000164	n0	gi|290752600|emb|CBH40572.1|	gi|31541555|gb|AAP56855.1|	gi|3845000|gb|AAC71635.1|	
N1.HOG0000171	OG0000165	n0	gi|290752601|emb|CBH40573.1|	gi|284811975|gb|AAP56576.2|	gi|3845045|gb|AAC72471.1|	
N1.HOG0000172	OG0000166	n0	gi|290752603|emb|CBH40575.1|	gi|284811964|gb|AAP56558.2|	gi|3844806|gb|AAC71426.1|	
N1.HOG0000173	OG0000167	n0	gi|290752604|emb|CBH40576.1|	gi|284812135|gb|AAP56815.2|	gi|3844655|gb|AAC71262.1|	
N1.HOG0000174	OG0000168	n0	gi|290752606|emb|CBH40578.1|	gi|31541594|gb|AAP56894.1|	gi|3844720|gb|AAC71347.1|	
N1.HOG0000175	OG0000169	n0	gi|290752619|emb|CBH40592.1|	gi|284812189|gb|AAP56897.2|	gi|3844717|gb|AAC71344.1|	
N1.HOG0000176	OG0000170	n0	gi|290752620|emb|CBH40593.1|	gi|31541223|gb|AAP56525.1|	gi|3844963|gb|AAC71602.1|	
N1.HOG0000177	OG0000171	n0	gi|290752626|emb|CBH40599.1|	gi|284812021|gb|AAP56650.2|	gi|3844997|gb|AAC71633.1|	
N1.HOG0000178	OG0000172	n0	gi|290752627|emb|CBH40600.1|	gi|31541350|gb|AAP56651.1|	gi|3844996|gb|AAC71632.1|	
N1.HOG0000179	OG0000173	n0	gi|290752628|emb|CBH40601.1|	gi|284812022|gb|AAP56652.2|	gi|3844995|gb|AAC71631.1|	
N1.HOG0000180	OG0000174	n0	gi|290752629|emb|CBH40602.1|	gi|31541352|gb|AAP56653.1|	gi|3844994|gb|AAC71630.1|	
N1.HOG0000181	OG0000175	n0	gi|290752630|emb|CBH40603.1|	gi|31541353|gb|AAP56654.1|	gi|3844993|gb|AAC71629.1|	
N1.HOG0000182	OG0000176	n0	gi|290752631|emb|CBH40604.1|	gi|31541354|gb|AAP56655.1|	gi|3844992|gb|AAC71628.1|	
N1.HOG0000183	OG0000177	n0	gi|290752632|emb|CBH40605.1|	gi|31541355|gb|AAP56656.1|	gi|3844991|gb|AAC71627.1|	
N1.HOG0000184	OG0000178	n0	gi|290752649|emb|CBH40622.1|	gi|284812064|gb|AAP56724.2|	gi|3844843|gb|AAC71460.1|	
N1.HOG0000185	OG0000179	n0	gi|290752650|emb|CBH40623.1|	gi|31541482|gb|AAP56783.1|	gi|3844862|gb|AAC71488.1|	
N1.HOG0000186	OG0000180	n0	gi|290752652|emb|CBH40625.1|	gi|284812019|gb|AAP56646.2|	gi|3844640|gb|AAC71246.1|	
N1.HOG0000187	OG0000181	n0	gi|290752658|emb|CBH40631.1|	gi|284812085|gb|AAP56748.2|	gi|3844827|gb|AAC71445.1|	
N1.HOG0000188	OG0000182	n0	gi|290752660|emb|CBH40633.1|	gi|284812086|gb|AAP56750.2|	gi|3844825|gb|AAC71443.1|	
N1.HOG0000189	OG0000183	n0	gi|290752661|emb|CBH40634.1|	gi|284812087|gb|AAP56751.2|	gi|84626169|gb|AAC71442.2|	
N1.HOG0000190	OG0000184	n0	gi|290752662|emb|CBH40635.1|	gi|284812110|gb|AAP56782.2|	gi|3844900|gb|AAC71545.1|	
N1.HOG0000191	OG0000185	n0	gi|290752663|emb|CBH40636.1|	gi|284812149|gb|AAP56838.2|	gi|3844899|gb|AAC71544.1|	
N1.HOG0000192	OG0000186	n0	gi|290752667|emb|CBH40640.1|	gi|284811857|gb|AAP56388.2|	gi|1045749|gb|AAC71291.1|	
N1.HOG0000193	OG0000187	n0	gi|290752668|emb|CBH40641.1|	gi|284811881|gb|AAP56437.2|	gi|3845011|gb|AAC71645.1|	
N1.HOG0000194	OG0000188	n0	gi|290752671|emb|CBH40644.1|	gi|31541712|gb|AAP57012.1|	gi|3844633|gb|AAC71240.1|	
N1.HOG0000195	OG0000189	n0	gi|290752673|emb|CBH40646.1|	gi|284811847|gb|AAP56375.2|	gi|3845052|gb|AAC72478.1|	
N1.HOG0000196	OG0000190	n0	gi|290752674|emb|CBH40647.1|	gi|31541240|gb|AAP56542.1|	gi|1045978|gb|AAC71504.1|	
N1.HOG0000197	OG0000191	n0	gi|290752678|emb|CBH40651.1|	gi|31541171|gb|AAP56473.1|	gi|3844876|gb|AAC71518.1|	
N1.HOG0000198	OG0000192	n0	gi|290752679|emb|CBH40652.1|	gi|284811906|gb|AAP56472.2|	gi|3844871|gb|AAC71513.1|	
N1.HOG0000199	OG0000193	n0	gi|290752680|emb|CBH40653.1|	gi|31541168|gb|AAP56470.1|	gi|3844874|gb|AAC71516.1|	
N1.HOG0000200	OG0000194	n0	gi|290752698|emb|CBH40672.1|	gi|31541218|gb|AAP56520.1|	gi|1045996|gb|AAC71520.1|	
N1.HOG0000201	OG0000195	n0	gi|290752699|emb|CBH40673.1|	gi|284812153|gb|AAP56843.2|	gi|3844954|gb|AAC71594.1|	
N1.HOG0000202	OG0000196	n0	gi|290752707|emb|CBH40681.1|	gi|284811841|gb|AAP56365.2|	gi|3844648|gb|AAC71254.1|	
N1.HOG0000203	OG0000197	n0	gi|290752708|emb|CBH40682.1|	gi|284811840|gb|AAP56364.2|	gi|3844643|gb|AAC71249.1|	
N1.HOG0000204	OG0000198	n0	gi|290752709|emb|CBH40683.1|	gi|31541233|gb|AAP56535.1|	gi|3844646|gb|AAC71252.1|	
N1.HOG0000205	OG0000199	n0	gi|290752710|emb|CBH40684.1|	gi|284811948|gb|AAP56534.2|	gi|3844645|gb|AAC71251.1|	
N1.HOG0000206	OG0000200	n0	gi|290752715|emb|CBH40689.1|	gi|284812017|gb|AAP56643.2|	gi|3845010|gb|AAC71644.1|	
N1.HOG0000207	OG0000201	n0	gi|290752716|emb|CBH40690.1|	gi|284812018|gb|AAP56644.2|	gi|3845009|gb|AAC71643.1|	
N1.HOG0000208	OG0000202	n0	gi|290752720|emb|CBH40694.1|	gi|284811985|gb|AAP56588.2|	gi|1045747|gb|AAC71289.1|	
N1.HOG0000209	OG0000203	n0	gi|290752743|emb|CBH40718.1|	gi|284812066|gb|AAP56726.2|, gi|284811893|gb|AAP56453.2|		
N1.HOG0000210	OG0000204	n0	gi|290752750|emb|CBH40725.1|	gi|284812170|gb|AAP56874.2|		
N1.HOG0000211	OG0000205	n0	gi|290752751|emb|CBH40726.1|	gi|284811851|gb|AAP56379.2|	gi|1045713|gb|AAC71257.1|	
N1.HOG0000212	OG0000206	n0	gi|290752757|emb|CBH40732.1|	gi|284812051|gb|AAP56707.2|	gi|3844793|gb|AAC71414.1|	
N1.HOG0000213	OG0000207	n0	gi|290752758|emb|CBH40733.1|	gi|284812052|gb|AAP56708.2|	gi|3844794|gb|AAC71415.1|	
N1.HOG0000214	OG0000208	n0	gi|290752759|emb|CBH40734.1|	gi|31541408|gb|AAP56709.1|	gi|3844795|gb|AAC71416.1|	
N1.HOG0000215	OG0000209	n0	gi|290752760|emb|CBH40735.1|	gi|284811888|gb|AAP56445.2|	gi|3844733|gb|AAC71358.1|	
N1.HOG0000216	OG0000210	n0	gi|290752763|emb|CBH40738.1|	gi|284812194|gb|AAP56903.2|	gi|3844728|gb|AAC71355.1|	
N1.HOG0000217	OG0000211	n0	gi|290752764|emb|CBH40739.1|	gi|284811944|gb|AAP56528.2|	gi|3844940|gb|AAC71581.1|	
N1.HOG0000218	OG0000212	n0	gi|290752770|emb|CBH40745.1|	gi|284811838|gb|AAP56362.2|	gi|3844966|gb|AAC71605.1|	
N1.HOG0000219	OG0000213	n0	gi|290752772|emb|CBH40747.1|	gi|31541121|gb|AAP56423.1|	gi|3845055|gb|AAC72480.1|	
N1.HOG0000220	OG0000214	n0	gi|290752778|emb|CBH40753.1|	gi|284812241|gb|AAP56992.2|	gi|84626166|gb|AAC71278.2|	
N1.HOG0000221	OG0000215	n0	gi|290752780|emb|CBH40755.1|	gi|31541419|gb|AAP56720.1|	gi|3844839|gb|AAC71456.1|	
N1.HOG0000222	OG0000216	n0	gi|290752783|emb|CBH40758.1|	gi|284812049|gb|AAP56705.2|	gi|3844804|gb|AAC71424.1|	
N1.HOG0000223	OG0000217	n0	gi|290752786|emb|CBH40761.1|	gi|31541081|gb|AAP56383.1|	gi|3844783|gb|AAC71405.1|	
N1.HOG0000224	OG0000218	n0	gi|290752787|emb|CBH40762.1|	gi|284811854|gb|AAP56384.2|	gi|3844784|gb|AAC71406.1|	
N1.HOG0000225	OG0000219	n0	gi|290752788|emb|CBH40763.1|	gi|284811855|gb|AAP56385.2|	gi|3844785|gb|AAC71407.1|	
N1.HOG0000226	OG0000220	n0	gi|290752789|emb|CBH40764.1|	gi|31541084|gb|AAP56386.1|	gi|84626157|gb|AAC71408.2|	
N1.HOG0000227	OG0000221	n0	gi|290752792|emb|CBH40767.1|	gi|284812124|gb|AAP56800.2|	gi|3844973|gb|AAC71611.1|	
N1.HOG0000228	OG0000222	n0	gi|290752793|emb|CBH40768.1|, gi|290753013|emb|CBH40989.1|	gi|31541670|gb|AAP56970.1|		
N1.HOG0000229	OG0000223	n0	gi|290752795|emb|CBH40770.1|	gi|31541634|gb|AAP56934.1|	gi|1045724|gb|AAC71267.1|	
N1.HOG0000230	OG0000224	n0	gi|290752796|emb|CBH40771.1|	gi|284812213|gb|AAP56935.2|	gi|1045723|gb|AAC71266.1|	
N1.HOG0000231	OG0000225	n0	gi|290752797|emb|CBH40772.1|	gi|31541631|gb|AAP56931.1|	gi|3845024|gb|AAC72452.1|	
N1.HOG0000232	OG0000226	n0	gi|290752803|emb|CBH40778.1|	gi|284812233|gb|AAP56977.2|	gi|3844774|gb|AAC71397.1|	
N1.HOG0000233	OG0000227	n0	gi|290752804|emb|CBH40779.1|	gi|31541678|gb|AAP56978.1|	gi|3844773|gb|AAC71396.1|	
N1.HOG0000234	OG0000228	n0	gi|290752805|emb|CBH40780.1|	gi|31541679|gb|AAP56979.1|	gi|84626153|gb|AAC71395.2|	
N1.HOG0000235	OG0000229	n0	gi|290752806|emb|CBH40781.1|	gi|31541680|gb|AAP56980.1|	gi|3844771|gb|AAC71394.1|	
N1.HOG0000236	OG0000230	n0	gi|290752807|emb|CBH40782.1|	gi|31541682|gb|AAP56982.1|	gi|3844767|gb|AAC71391.1|	
N1.HOG0000237	OG0000231	n0	gi|290752808|emb|CBH40783.1|	gi|31541120|gb|AAP56422.1|	gi|3844766|gb|AAC71390.1|	
N1.HOG0000238	OG0000232	n0	gi|290752809|emb|CBH40784.1|	gi|284811874|gb|AAP56421.2|	gi|3844765|gb|AAC71389.1|	
N1.HOG0000239	OG0000233	n0	gi|290752810|emb|CBH40785.1|	gi|31541118|gb|AAP56420.1|	gi|3844764|gb|AAC71388.1|	
N1.HOG0000240	OG0000234	n0	gi|290752823|emb|CBH40798.1|	gi|284811873|gb|AAP56419.2|	gi|3844763|gb|AAC71387.1|	
N1.HOG0000241	OG0000235	n0	gi|290752824|emb|CBH40799.1|	gi|284811872|gb|AAP56418.2|	gi|3844762|gb|AAC71386.1|	
N1.HOG0000242	OG0000236	n0	gi|290752825|emb|CBH40800.1|	gi|31541115|gb|AAP56417.1|	gi|3844761|gb|AAC71385.1|	
N1.HOG0000243	OG0000237	n0	gi|290752826|emb|CBH40801.1|	gi|31541114|gb|AAP56416.1|	gi|3844760|gb|AAC71384.1|	
N1.HOG0000244	OG0000238	n0	gi|290752827|emb|CBH40802.1|	gi|31541113|gb|AAP56415.1|	gi|3844759|gb|AAC71383.1|	
N1.HOG0000245	OG0000239	n0	gi|290752828|emb|CBH40803.1|	gi|284811871|gb|AAP56414.2|	gi|3844758|gb|AAC71382.1|	
N1.HOG0000246	OG0000240	n0	gi|290752829|emb|CBH40804.1|	gi|284811870|gb|AAP56413.2|	gi|3844757|gb|AAC71381.1|	
N1.HOG0000247	OG0000241	n0	gi|290752830|emb|CBH40805.1|	gi|31541110|gb|AAP56412.1|	gi|3844756|gb|AAC71380.1|	
N1.HOG0000248	OG0000242	n0	gi|290752831|emb|CBH40806.1|	gi|284811869|gb|AAP56411.2|	gi|3844755|gb|AAC71379.1|	
N1.HOG0000249	OG0000243	n0	gi|290752832|emb|CBH40807.1|	gi|31541108|gb|AAP56410.1|	gi|3844754|gb|AAC71378.1|	
N1.HOG0000250	OG0000244	n0	gi|290752833|emb|CBH40808.1|	gi|284811868|gb|AAP56409.2|	gi|3844753|gb|AAC71377.1|	
N1.HOG0000251	OG0000245	n0	gi|290752834|emb|CBH40809.1|	gi|31541106|gb|AAP56408.1|	gi|3844752|gb|AAC71376.1|	
N1.HOG0000252	OG0000246	n0	gi|290752835|emb|CBH40810.1|	gi|284811867|gb|AAP56407.2|	gi|3844751|gb|AAC71375.1|	
N1.HOG0000253	OG0000247	n0	gi|290752836|emb|CBH40811.1|	gi|31541104|gb|AAP56406.1|	gi|3844750|gb|AAC71374.1|	
N1.HOG0000254	OG0000248	n0	gi|290752837|emb|CBH40812.1|	gi|31541103|gb|AAP56405.1|	gi|3844749|gb|AAC71373.1|	
N1.HOG0000255	OG0000249	n0	gi|290752838|emb|CBH40813.1|	gi|31541102|gb|AAP56404.1|	gi|3844748|gb|AAC71372.1|	
N1.HOG0000256	OG0000250	n0	gi|290752839|emb|CBH40814.1|	gi|284811866|gb|AAP56403.2|	gi|3844747|gb|AAC71371.1|	
N1.HOG0000257	OG0000251	n0	gi|290752840|emb|CBH40815.1|	gi|284811865|gb|AAP56402.2|	gi|3844746|gb|AAC71370.1|	
N1.HOG0000258	OG0000252	n0	gi|290752841|emb|CBH40816.1|	gi|31541099|gb|AAP56401.1|	gi|3844745|gb|AAC71369.1|	
N1.HOG0000259	OG0000253	n0	gi|290752842|emb|CBH40817.1|	gi|284811864|gb|AAP56400.2|	gi|3844744|gb|AAC71368.1|	
N1.HOG0000260	OG0000254	n0	gi|290752844|emb|CBH40819.1|	gi|284811920|gb|AAP56492.2|	gi|3844936|gb|AAC71577.1|	
N1.HOG0000261	OG0000255	n0	gi|290752845|emb|CBH40820.1|	gi|31541522|gb|AAP56822.1|	gi|3844921|gb|AAC71564.1|	
N1.HOG0000262	OG0000256	n0	gi|290752846|emb|CBH40821.1|	gi|284812068|gb|AAP56728.2|	gi|1045937|gb|AAC71466.1|	
N1.HOG0000263	OG0000257	n0	gi|290752849|emb|CBH40824.1|	gi|31541418|gb|AAP56719.1|	gi|3844838|gb|AAC71455.1|	
N1.HOG0000264	OG0000258	n0	gi|290752850|emb|CBH40825.1|	gi|284812059|gb|AAP56717.2|	gi|3844836|gb|AAC71453.1|	
N1.HOG0000265	OG0000259	n0	gi|290752853|emb|CBH40828.1|	gi|31541384|gb|AAP56685.1|	gi|3844798|gb|AAC71419.1|	
N1.HOG0000266	OG0000260	n0	gi|290752854|emb|CBH40829.1|	gi|31541403|gb|AAP56704.1|	gi|3844803|gb|AAC71423.1|	
N1.HOG0000267	OG0000261	n0	gi|290752855|emb|CBH40830.1|	gi|284811916|gb|AAP56486.2|	gi|1045949|gb|AAC71477.1|	
N1.HOG0000268	OG0000262	n0	gi|290752856|emb|CBH40831.1|	gi|31541585|gb|AAP56885.1|	gi|1046011|gb|AAC71533.1|	
N1.HOG0000269	OG0000263	n0	gi|290752865|emb|CBH40840.1|, gi|290752859|emb|CBH40834.1|, gi|290752862|emb|CBH40837.1|	gi|284812270|gb|AAP57034.2|		
N1.HOG0000270	OG0000264	n0	gi|290752872|emb|CBH40847.1|	gi|31541764|gb|AAP57063.1|	gi|3845057|gb|AAC72482.1|	
N1.HOG0000271	OG0000265	n0	gi|290752874|emb|CBH40849.1|	gi|284812134|gb|AAP56814.2|	gi|3844656|gb|AAC71263.1|	
N1.HOG0000272	OG0000266	n0	gi|290752876|emb|CBH40851.1|	gi|31541337|gb|AAP56638.1|	gi|1045721|gb|AAC71264.1|	
N1.HOG0000273	OG0000267	n0	gi|290752880|emb|CBH40855.1|	gi|31541361|gb|AAP56662.1|	gi|84626125|gb|AAC71522.2|	
N1.HOG0000274	OG0000268	n0	gi|290752887|emb|CBH40862.1|	gi|284812177|gb|AAP56882.2|	gi|3844676|gb|AAC71307.1|	
N1.HOG0000275	OG0000269	n0	gi|290752888|emb|CBH40863.1|	gi|31541583|gb|AAP56883.1|	gi|3844675|gb|AAC71306.1|	
N1.HOG0000276	OG0000270	n0	gi|290752889|emb|CBH40864.1|	gi|284812178|gb|AAP56884.2|	gi|3844674|gb|AAC71305.1|	
N1.HOG0000277	OG0000271	n0	gi|290752908|emb|CBH40883.1|	gi|31541620|gb|AAP56920.1|	gi|3844916|gb|AAC71560.1|	
N1.HOG0000278	OG0000272	n0	gi|290752912|emb|CBH40887.1|	gi|31541262|gb|AAP56564.1|	gi|84626139|gb|AAC71565.2|	
N1.HOG0000279	OG0000273	n0	gi|290752913|emb|CBH40888.1|	gi|284811968|gb|AAP56563.2|	gi|3844923|gb|AAC71566.1|	
N1.HOG0000280	OG0000274	n0	gi|290752942|emb|CBH40917.1|	gi|31541195|gb|AAP56497.1|	gi|3844948|gb|AAC71588.1|	
N1.HOG0000281	OG0000275	n0	gi|290752943|emb|CBH40918.1|	gi|31541194|gb|AAP56496.1|	gi|3844947|gb|AAC71587.1|	
N1.HOG0000282	OG0000276	n0	gi|290752945|emb|CBH40920.1|	gi|284811876|gb|AAP56425.2|	gi|3844726|gb|AAC71353.1|	
N1.HOG0000283	OG0000277	n0	gi|290752946|emb|CBH40921.1|	gi|31541551|gb|AAP56851.1|	gi|3844961|gb|AAC71600.1|	
N1.HOG0000284	OG0000278	n0	gi|290752948|emb|CBH40923.1|	gi|31541542|gb|AAP56842.1|	gi|3844939|gb|AAC71580.1|	
N1.HOG0000285	OG0000279	n0	gi|290752949|emb|CBH40924.1|	gi|284812232|gb|AAP56976.2|	gi|84626142|gb|AAC72466.2|	
N1.HOG0000286	OG0000280	n0	gi|290752950|emb|CBH40925.1|	gi|31541675|gb|AAP56975.1|	gi|3845038|gb|AAC72465.1|	
N1.HOG0000287	OG0000281	n0	gi|290752951|emb|CBH40926.1|	gi|284812231|gb|AAP56974.2|	gi|3845037|gb|AAC72464.1|	
N1.HOG0000288	OG0000282	n0	gi|290752954|emb|CBH40929.1|	gi|284811877|gb|AAP56430.2|	gi|3845022|gb|AAC72450.1|	
N1.HOG0000289	OG0000283	n0	gi|290752982|emb|CBH40958.1|	gi|284811912|gb|AAP56483.2|	gi|3844912|gb|AAC71556.1|	
N1.HOG0000290	OG0000284	n0	gi|290752989|emb|CBH40965.1|	gi|284811983|gb|AAP56585.2|	gi|3844860|gb|AAC71486.1|	
N1.HOG0000291	OG0000285	n0	gi|290753000|emb|CBH40976.1|	gi|284812026|gb|AAP56667.2|	gi|3844930|gb|AAC71572.1|	
N1.HOG0000292	OG0000286	n0	gi|290753003|emb|CBH40979.1|	gi|284811879|gb|AAP56433.2|	gi|3845013|gb|AAC71647.1|	
N1.HOG0000293	OG0000287	n0	gi|290753005|emb|CBH40981.1|	gi|31541577|gb|AAP56877.1|	gi|1045730|gb|AAC71273.1|	
N1.HOG0000294	OG0000288	n0	gi|290753006|emb|CBH40982.1|	gi|284812297|gb|AAP57070.2|	gi|1045675|gb|AAC71223.1|	
N1.HOG0000295	OG0000289	n0	gi|290753007|emb|CBH40983.1|	gi|284812298|gb|AAP57071.2|	gi|1045674|gb|AAC71222.1|	
N1.HOG0000296	OG0000290	n0	gi|290753009|emb|CBH40985.1|	gi|284812221|gb|AAP56950.2|	gi|3844724|gb|AAC71351.1|	
N1.HOG0000297	OG0000291	n0	gi|290753010|emb|CBH40986.1|	gi|284812222|gb|AAP56951.2|	gi|84626167|gb|AAC71650.2|	
N1.HOG0000298	OG0000292	n0	gi|290753012|emb|CBH40988.1|	gi|31541630|gb|AAP56930.1|	gi|84626143|gb|AAC72451.2|	
N1.HOG0000299	OG0000293	n0	gi|290753016|emb|CBH40992.1|	gi|284811987|gb|AAP56590.2|	gi|3844703|gb|AAC71332.1|	
N1.HOG0000300	OG0000294	n0	gi|290753017|emb|CBH40993.1|	gi|284811885|gb|AAP56441.2|	gi|84626148|gb|AAC72458.2|	
N1.HOG0000301	OG0000295	n0	gi|290753020|emb|CBH40996.1|	gi|31541237|gb|AAP56539.1|	gi|1045971|gb|AAC71498.1|	
N1.HOG0000302	OG0000296	n0	gi|290753021|emb|CBH40997.1|	gi|31541163|gb|AAP56465.1|	gi|3844735|gb|AAC71360.1|	
N1.HOG0000303	OG0000297	n0	gi|290753023|emb|CBH40999.1|	gi|284811901|gb|AAP56463.2|	gi|3844734|gb|AAC71359.1|	
N1.HOG0000304	OG0000298	n0	gi|290753025|emb|CBH41001.1|	gi|284812256|gb|AAP57013.2|	gi|3844644|gb|AAC71250.1|	
N1.HOG0000305	OG0000299	n0	gi|290753027|emb|CBH41003.1|	gi|284812224|gb|AAP56958.2|	gi|3844686|gb|AAC71316.1|	
N1.HOG0000306	OG0000300	n0	gi|290753049|emb|CBH41025.1|	gi|284811844|gb|AAP56370.2|	gi|3844731|gb|AAC71357.1|	
N1.HOG0000307	OG0000301	n0	gi|290753051|emb|CBH41027.1|	gi|284811911|gb|AAP56480.2|	gi|3844953|gb|AAC71593.1|	
N1.HOG0000308	OG0000302	n0	gi|290753053|emb|CBH41029.1|	gi|284812223|gb|AAP56956.2|	gi|3844688|gb|AAC71318.1|	
N1.HOG0000309	OG0000303	n0	gi|290753054|emb|CBH41030.1|	gi|31541657|gb|AAP56957.1|	gi|3844687|gb|AAC71317.1|	
N1.HOG0000310	OG0000304	n0	gi|290753057|emb|CBH41033.1|	gi|31541451|gb|AAP56752.1|	gi|3844814|gb|AAC71433.1|	
N1.HOG0000311	OG0000305	n0	gi|290753058|emb|CBH41034.1|	gi|284812088|gb|AAP56753.2|	gi|3844813|gb|AAC71432.1|	
N1.HOG0000312	OG0000306	n0	gi|290753059|emb|CBH41035.1|	gi|284812089|gb|AAP56754.2|	gi|3844812|gb|AAC71431.1|	
N1.HOG0000313	OG0000307	n0	gi|290753061|emb|CBH41037.1|	gi|284811930|gb|AAP56508.2|	gi|3844909|gb|AAC71553.1|	
N1.HOG0000314	OG0000308	n0	gi|290753062|emb|CBH41038.1|	gi|284811931|gb|AAP56509.2|	gi|3844910|gb|AAC71554.1|	
N1.HOG0000315	OG0000309	n0	gi|290753067|emb|CBH41043.1|	gi|284811902|gb|AAP56466.2|	gi|3844736|gb|AAC71361.1|	
N1.HOG0000316	OG0000310	n0	gi|290753068|emb|CBH41044.1|	gi|284812014|gb|AAP56639.2|	gi|84626163|gb|AAC72475.2|	
N1.HOG0000317	OG0000311	n0	gi|290753072|emb|CBH41048.1|	gi|284811918|gb|AAP56488.2|	gi|1045951|gb|AAC71479.1|	
N1.HOG0000318	OG0000312	n0	gi|290753073|emb|CBH41049.1|	gi|284811917|gb|AAP56487.2|	gi|1045950|gb|AAC71478.1|	
N1.HOG0000319	OG0000313	n0	gi|290753077|emb|CBH41053.1|	gi|284812119|gb|AAP56793.2|	gi|1045733|gb|AAC71276.1|	
N1.HOG0000320	OG0000314	n0	gi|290753083|emb|CBH41059.1|	gi|284811848|gb|AAP56376.2|	gi|3845051|gb|AAC72477.1|	
N1.HOG0000321	OG0000315	n0	gi|290753084|emb|CBH41060.1|	gi|31541717|gb|AAP57017.1|	gi|3844671|gb|AAC71302.1|	
N1.HOG0000322	OG0000316	n0	gi|290753085|emb|CBH41061.1|	gi|284812257|gb|AAP57016.2|	gi|3844670|gb|AAC71301.1|	
N1.HOG0000323	OG0000317	n0		gi|31541229|gb|AAP56531.1|, gi|284811947|gb|AAP56533.2|	gi|84626170|gb|AAC71411.2|, gi|3844788|gb|AAC71410.1|	
N1.HOG0000324	OG0000318	n0		gi|31541241|gb|AAP56543.1|	gi|84626145|gb|AAC71447.2|, gi|3844828|gb|AAC71446.1|	
N1.HOG0000325	OG0000319	n0		gi|284812020|gb|AAP56647.2|	gi|3844986|gb|AAC71623.1|, gi|1045743|gb|AAC71286.1|, gi|1045742|gb|AAC71285.1|	
N1.HOG0000326	OG0000320	n0		gi|31541553|gb|AAP56853.1|, gi|284812192|gb|AAP56901.2|	gi|3844975|gb|AAC71613.1|, gi|1046012|gb|AAC71534.1|	
N1.HOG0000327	OG0000331	-	gi|290752307|emb|CBH40278.1|	gi|284812246|gb|ADB96894.1|	gi|3844657|gb|AAC71272.1|	
N1.HOG0000328	OG0000332	-	gi|290752322|emb|CBH40293.1|	gi|284812206|gb|AAP56922.2|	gi|3844915|gb|AAC71559.1|	
N1.HOG0000329	OG0000334	-	gi|290752338|emb|CBH40309.1|	gi|31541329|gb|AAP56630.1|	gi|3844919|gb|AAC71562.1|	
N1.HOG0000330	OG0000336	-	gi|290752356|emb|CBH40327.1|	gi|284812293|gb|AAP57066.2|	gi|3844672|gb|AAC71303.1|	
N1.HOG0000331	OG0000339	-	gi|290752397|emb|CBH40368.1|	gi|284812155|gb|AAP56850.2|	gi|3844960|gb|AAC71599.1|	
N1.HOG0000332	OG0000340	-	gi|290752402|emb|CBH40373.1|	gi|284812292|gb|AAP57064.2|	gi|84626149|gb|AAC71229.2|	
N1.HOG0000333	OG0000341	-	gi|290752638|emb|CBH40611.1|, gi|290752639|emb|CBH40612.1|, gi|290752415|emb|CBH40386.1|			
N1.HOG0000334	OG0000344	-	gi|290752429|emb|CBH40400.1|, gi|290752423|emb|CBH40394.1|, gi|290752430|emb|CBH40401.1|			
N1.HOG0000335	OG0000345	-	gi|290752438|emb|CBH40409.1|	gi|284812240|gb|AAP56991.2|	gi|84626150|gb|AAC71324.2|	
N1.HOG0000336	OG0000347	-	gi|290752468|emb|CBH40440.1|	gi|284812239|gb|AAP56989.2|	gi|3844697|gb|AAC71326.1|	
N1.HOG0000337	OG0000348	-	gi|290752469|emb|CBH40441.1|	gi|284812238|gb|AAP56988.2|	gi|84626164|gb|AAC71327.2|	
N1.HOG0000338	OG0000349	-	gi|290752475|emb|CBH40447.1|, gi|290752472|emb|CBH40444.1|, gi|290753086|emb|CBH41062.1|			
N1.HOG0000339	OG0000354	-	gi|290752938|emb|CBH40913.1|, gi|290752541|emb|CBH40513.1|, gi|290752721|emb|CBH40695.1|			
N1.HOG0000340	OG0000355	-	gi|290752937|emb|CBH40912.1|, gi|290752542|emb|CBH40514.1|, gi|290752722|emb|CBH40696.1|			
N1.HOG0000341	OG0000356	-	gi|290752543|emb|CBH40515.1|, gi|290752723|emb|CBH40697.1|, gi|290752936|emb|CBH40911.1|			
N1.HOG0000342	OG0000357	-	gi|290752935|emb|CBH40910.1|, gi|290752724|emb|CBH40698.1|, gi|290752544|emb|CBH40516.1|			
N1.HOG0000343	OG0000358	-	gi|290752933|emb|CBH40908.1|, gi|290752546|emb|CBH40518.1|, gi|290752726|emb|CBH40700.1|			
N1.HOG0000344	OG0000359	-	gi|290752547|emb|CBH40519.1|, gi|290752727|emb|CBH40701.1|, gi|290752932|emb|CBH40907.1|			
N1.HOG0000345	OG0000360	-	gi|290752930|emb|CBH40905.1|, gi|290752549|emb|CBH40521.1|, gi|290752729|emb|CBH40703.1|			
N1.HOG0000346	OG0000361	-	gi|290752550|emb|CBH40522.1|, gi|290752929|emb|CBH40904.1|, gi|290752730|emb|CBH40704.1|			
N1.HOG0000347	OG0000362	-	gi|290752928|emb|CBH40903.1|, gi|290752551|emb|CBH40523.1|, gi|290752731|emb|CBH40705.1|			
N1.HOG0000348	OG0000363	-	gi|290752922|emb|CBH40897.1|, gi|290752736|emb|CBH40711.1|, gi|290752558|emb|CBH40530.1|			
N1.HOG0000349	OG0000364	-	gi|290752738|emb|CBH40713.1|, gi|290752560|emb|CBH40532.1|, gi|290752920|emb|CBH40895.1|			
N1.HOG0000350	OG0000365	-	gi|290752740|emb|CBH40715.1|, gi|290752562|emb|CBH40534.1|, gi|290752918|emb|CBH40893.1|			
N1.HOG0000351	OG0000370	-	gi|290752610|emb|CBH40582.1|, gi|290752612|emb|CBH40584.1|, gi|290752641|emb|CBH40614.1|			
N1.HOG0000352	OG0000371	-	gi|290752940|emb|CBH40915.1|, gi|290752616|emb|CBH40588.1|, gi|290752896|emb|CBH40871.1|			
N1.HOG0000353	OG0000372	-	gi|290752648|emb|CBH40621.1|	gi|284812076|gb|AAP56736.2|	gi|1045938|gb|AAC71467.1|	
N1.HOG0000354	OG0000374	-	gi|290752971|emb|CBH40946.1|, gi|290752965|emb|CBH40940.1|, gi|290752685|emb|CBH40658.1|			
N1.HOG0000355	OG0000375	-	gi|290752700|emb|CBH40674.1|	gi|31541544|gb|AAP56844.1|	gi|3844955|gb|AAC71595.1|	
N1.HOG0000356	OG0000376	-	gi|290752701|emb|CBH40675.1|	gi|284812154|gb|AAP56845.2|	gi|3844956|gb|AAC71596.1|	
N1.HOG0000357	OG0000382	-	gi|290752747|emb|CBH40722.1|	gi|284812211|gb|AAP56932.2|	gi|1045726|gb|AAC71269.1|	
N1.HOG0000358	OG0000383	-	gi|290752860|emb|CBH40835.1|, gi|290752866|emb|CBH40841.1|	gi|284812268|gb|AAP57032.2|		
N1.HOG0000359	OG0000384	-	gi|290752869|emb|CBH40844.1|	gi|284812069|gb|AAP56729.2|	gi|1045936|gb|AAC71465.1|	
N1.HOG0000360	OG0000386	-	gi|290752952|emb|CBH40927.1|	gi|284811910|gb|AAP56479.2|	gi|3844952|gb|AAC71592.1|	
N1.HOG0000361	OG0000395	-	gi|290753060|emb|CBH41036.1|	gi|284812090|gb|AAP56755.2|	gi|3844819|gb|AAC71438.1|	
N1.HOG0000362	OG0000396	-	gi|290753071|emb|CBH41047.1|	gi|284811974|gb|AAP56575.2|	gi|1045983|gb|AAC71509.1|	
N1.HOG0000363	OG0000401	-		gi|284811875|gb|AAP56424.2|	gi|3845006|gb|AAC71641.1|, gi|84626165|gb|ABC59634.1|	
N1.HOG0000364	OG0000403	-		gi|31541191|gb|AAP56493.1|, gi|284812101|gb|AAP56771.2|	gi|3844937|gb|AAC71578.1|	
N1.HOG0000365	OG0000404	-		gi|31541321|gb|AAP56622.1|, gi|284811946|gb|AAP56530.2|, gi|31541230|gb|AAP56532.1|		
N1.HOG0000366	OG0000405	-		gi|284811952|gb|AAP56546.2|, gi|31541251|gb|AAP56553.1|, gi|31541477|gb|AAP56778.1|		
N1.HOG0000367	OG0000406	-		gi|284811970|gb|AAP56566.2|, gi|284811969|gb|AAP56565.2|	gi|3844665|gb|AAC71293.1|	
N1.HOG0000368	OG0000408	-		gi|284812074|gb|AAP56734.2|	gi|3844846|gb|AAC71463.1|, gi|3844845|gb|AAC71462.1|	
N1.HOG0000369	OG0000412	-		gi|284812157|gb|AAP56854.2|	gi|3844887|gb|AAC71530.1|, gi|3845018|gb|AAC72446.1|	
N1.HOG0000370	OG0000413	-		gi|31541609|gb|AAP56909.1|, gi|284812200|gb|AAP56914.2|	gi|3844890|gb|AAC71535.1|	
N1.HOG0000371	OG0000434	-	gi|290752664|emb|CBH40637.1|, gi|290752279|emb|CBH40250.1|			
N1.HOG0000372	OG0000435	-	gi|290752292|emb|CBH40263.1|	gi|31541301|gb|AAP56602.1|		
N1.HOG0000373	OG0000436	-	gi|290752295|emb|CBH40266.1|, gi|290752386|emb|CBH40357.1|			
N1.HOG0000374	OG0000438	-	gi|290752315|emb|CBH40286.1|	gi|284812010|gb|AAP56633.2|		
N1.HOG0000375	OG0000440	-	gi|290752329|emb|CBH40300.1|	gi|284812226|gb|AAP56966.2|		
N1.HOG0000376	OG0000441	-	gi|290752331|emb|CBH40302.1|	gi|31541576|gb|AAP56876.1|		
N1.HOG0000377	OG0000442	-	gi|290752336|emb|CBH40307.1|		gi|3844629|gb|AAC71236.1|	
N1.HOG0000378	OG0000445	-	gi|290752713|emb|CBH40687.1|, gi|290752349|emb|CBH40320.1|			
N1.HOG0000379	OG0000448	-	gi|290753050|emb|CBH41026.1|, gi|290752428|emb|CBH40399.1|			
N1.HOG0000380	OG0000449	-	gi|290752431|emb|CBH40402.1|, gi|290752892|emb|CBH40867.1|			
N1.HOG0000381	OG0000452	-	gi|290752447|emb|CBH40418.1|, gi|290752448|emb|CBH40420.1|			
N1.HOG0000382	OG0000455	-	gi|290752460|emb|CBH40432.1|	gi|284811940|gb|AAP56522.2|		
N1.HOG0000383	OG0000457	-	gi|290752477|emb|CBH40449.1|	gi|31541732|gb|AAP57031.1|		
N1.HOG0000384	OG0000458	-	gi|290752478|emb|CBH40450.1|	gi|31541731|gb|AAP57030.1|		
N1.HOG0000385	OG0000464	-	gi|290752500|emb|CBH40472.1|, gi|290752501|emb|CBH40473.1|			
N1.HOG0000386	OG0000465	-	gi|290752508|emb|CBH40480.1|	gi|31541313|gb|AAP56614.1|		
N1.HOG0000387	OG0000467	-	gi|290752524|emb|CBH40496.1|, gi|290752590|emb|CBH40562.1|			
N1.HOG0000388	OG0000470	-	gi|290752926|emb|CBH40901.1|, gi|290752554|emb|CBH40526.1|			
N1.HOG0000389	OG0000471	-	gi|290752571|emb|CBH40543.1|	gi|284812248|gb|AAP57003.2|		
N1.HOG0000390	OG0000472	-	gi|290752676|emb|CBH40649.1|, gi|290752577|emb|CBH40549.1|			
N1.HOG0000391	OG0000480	-	gi|290752689|emb|CBH40663.1|, gi|290752694|emb|CBH40668.1|			
N1.HOG0000392	OG0000483	-	gi|290752718|emb|CBH40692.1|		gi|3845047|gb|AAC72473.1|	
N1.HOG0000393	OG0000488	-	gi|290752777|emb|CBH40752.1|	gi|31541457|gb|AAP56758.1|		
N1.HOG0000394	OG0000489	-	gi|290753047|emb|CBH41023.1|, gi|290752819|emb|CBH40794.1|			
N1.HOG0000395	OG0000491	-	gi|290752852|emb|CBH40827.1|	gi|284812186|gb|AAP56892.2|		
N1.HOG0000396	OG0000492	-	gi|290752864|emb|CBH40839.1|	gi|31541736|gb|AAP57035.1|		
N1.HOG0000397	OG0000493	-	gi|290752868|emb|CBH40843.1|, gi|290752867|emb|CBH40842.1|			
N1.HOG0000398	OG0000510	-		gi|284811831|gb|AAP56351.2|	gi|3845067|gb|AAC72491.1|	
N1.HOG0000399	OG0000511	-		gi|31541087|gb|AAP56389.1|	gi|3845005|gb|AAC71640.1|	
N1.HOG0000400	OG0000512	-		gi|284811858|gb|AAP56390.2|	gi|3845004|gb|AAC71639.1|	
N1.HOG0000401	OG0000513	-		gi|284811860|gb|AAP56392.2|	gi|3845002|gb|AAC71637.1|	
N1.HOG0000402	OG0000514	-		gi|31541094|gb|AAP56396.1|	gi|3844830|gb|AAC71448.1|	
N1.HOG0000403	OG0000515	-		gi|284811862|gb|AAP56397.2|	gi|3844831|gb|AAC71449.1|	
N1.HOG0000404	OG0000516	-		gi|31541097|gb|AAP56399.1|	gi|3844725|gb|AAC71352.1|	
N1.HOG0000405	OG0000517	-		gi|284811878|gb|AAP56431.2|	gi|3845021|gb|AAC72449.1|	
N1.HOG0000406	OG0000518	-		gi|31541134|gb|AAP56436.1|	gi|3845012|gb|AAC71646.1|	
N1.HOG0000407	OG0000519	-		gi|31541162|gb|AAP56464.1|	gi|84626140|gb|ABC59633.1|	
N1.HOG0000408	OG0000520	-		gi|284811904|gb|AAP56468.2|	gi|3844737|gb|AAC71362.1|	
N1.HOG0000409	OG0000521	-		gi|284811907|gb|AAP56476.2|, gi|31541173|gb|AAP56475.1|		
N1.HOG0000410	OG0000522	-		gi|284811908|gb|AAP56477.2|	gi|3844950|gb|AAC71590.1|	
N1.HOG0000411	OG0000523	-		gi|284811909|gb|AAP56478.2|	gi|3844951|gb|AAC71591.1|	
N1.HOG0000412	OG0000526	-		gi|31541199|gb|AAP56501.1|, gi|31541202|gb|AAP56504.1|		
N1.HOG0000413	OG0000527	-		gi|284811938|gb|AAP56517.2|	gi|3844931|gb|AAC71573.1|	
N1.HOG0000414	OG0000528	-		gi|31541221|gb|AAP56523.1|	gi|3844965|gb|AAC71604.1|	
N1.HOG0000415	OG0000529	-		gi|284811941|gb|AAP56524.2|	gi|3844964|gb|AAC71603.1|	
N1.HOG0000416	OG0000530	-		gi|284811942|gb|AAP56526.2|	gi|3844962|gb|AAC71601.1|	
N1.HOG0000417	OG0000531	-		gi|284811949|gb|AAP56536.2|	gi|1045973|gb|AAC71500.1|	
N1.HOG0000418	OG0000532	-		gi|284811950|gb|AAP56538.2|	gi|1045972|gb|AAC71499.1|	
N1.HOG0000419	OG0000534	-		gi|31541258|gb|AAP56560.1|	gi|3844808|gb|AAC71428.1|	
N1.HOG0000420	OG0000535	-		gi|284811972|gb|AAP56572.2|	gi|1045980|gb|AAC71506.1|	
N1.HOG0000421	OG0000536	-		gi|31541272|gb|AAP56573.1|	gi|1045981|gb|AAC71507.1|	
N1.HOG0000422	OG0000537	-		gi|284811973|gb|AAP56574.2|	gi|1045982|gb|AAC71508.1|	
N1.HOG0000423	OG0000538	-		gi|31541293|gb|AAP56594.1|	gi|1045977|gb|AAC71503.1|	
N1.HOG0000424	OG0000541	-		gi|284812001|gb|AAP56615.2|, gi|284811999|gb|ADB96870.1|		
N1.HOG0000425	OG0000542	-		gi|284812002|gb|AAP56617.2|	gi|3844925|gb|AAC71567.1|	
N1.HOG0000426	OG0000543	-		gi|31541330|gb|AAP56631.1|, gi|284812008|gb|AAP56628.2|		
N1.HOG0000427	OG0000544	-		gi|284812013|gb|AAP56637.2|	gi|3845048|gb|AAC72474.1|	
N1.HOG0000428	OG0000545	-		gi|31541356|gb|AAP56657.1|	gi|3844990|gb|AAC71626.1|	
N1.HOG0000429	OG0000547	-		gi|284812025|gb|AAP56664.2|	gi|3844809|gb|AAC71429.1|	
N1.HOG0000430	OG0000548	-		gi|31541364|gb|AAP56665.1|	gi|84626132|gb|ABC59631.1|	
N1.HOG0000431	OG0000549	-		gi|31541370|gb|AAP56671.1|	gi|3844818|gb|AAC71437.1|	
N1.HOG0000432	OG0000550	-		gi|284812122|gb|AAP56797.2|, gi|284812037|gb|AAP56679.2|		
N1.HOG0000433	OG0000552	-		gi|284812060|gb|AAP56718.2|	gi|3844837|gb|AAC71454.1|	
N1.HOG0000434	OG0000553	-		gi|284812061|gb|AAP56721.2|	gi|3844840|gb|AAC71457.1|	
N1.HOG0000435	OG0000554	-		gi|284812077|gb|AAP56738.2|	gi|1045939|gb|AAC71468.1|	
N1.HOG0000436	OG0000555	-		gi|284812118|gb|AAP56792.2|, gi|284812117|gb|AAP56791.2|		
N1.HOG0000437	OG0000556	-		gi|31541498|gb|AAP56798.1|	gi|3844971|gb|AAC71609.1|	
N1.HOG0000438	OG0000557	-		gi|284812125|gb|AAP56801.2|	gi|3844978|gb|AAC71616.1|	
N1.HOG0000439	OG0000558	-		gi|31541512|gb|AAP56812.1|	gi|3844689|gb|AAC71319.1|	
N1.HOG0000440	OG0000559	-		gi|284812136|gb|AAP56816.2|	gi|3844654|gb|AAC71261.1|	
N1.HOG0000441	OG0000560	-		gi|284812140|gb|AAP56821.2|	gi|3844721|gb|AAC71348.1|	
N1.HOG0000442	OG0000561	-		gi|284812145|gb|AAP56827.2|	gi|84626131|gb|AAC71620.2|	
N1.HOG0000443	OG0000562	-		gi|31541528|gb|AAP56828.1|	gi|3844984|gb|AAC71621.1|	
N1.HOG0000444	OG0000563	-		gi|31541549|gb|AAP56849.1|	gi|3844959|gb|AAC71598.1|	
N1.HOG0000445	OG0000564	-		gi|31541558|gb|AAP56858.1|	gi|3844638|gb|AAC71244.1|	
N1.HOG0000446	OG0000565	-		gi|284812164|gb|AAP56866.2|	gi|3844898|gb|AAC71543.1|	
N1.HOG0000447	OG0000566	-		gi|284812173|gb|AAP56879.2|	gi|3845020|gb|AAC72448.1|	
N1.HOG0000448	OG0000567	-		gi|31541590|gb|AAP56890.1|	gi|3844885|gb|AAC71528.1|	
N1.HOG0000449	OG0000568	-		gi|31541595|gb|AAP56895.1|	gi|3844719|gb|AAC71346.1|	
N1.HOG0000450	OG0000569	-		gi|284812188|gb|AAP56896.2|	gi|3844718|gb|AAC71345.1|	
N1.HOG0000451	OG0000570	-		gi|31541610|gb|AAP56910.1|, gi|31541615|gb|AAP56915.1|		
N1.HOG0000452	OG0000571	-		gi|284812201|gb|AAP56916.2|	gi|3844892|gb|AAC71537.1|	
N1.HOG0000453	OG0000572	-		gi|284812208|gb|AAP56924.2|	gi|1045731|gb|AAC71274.1|	
N1.HOG0000454	OG0000573	-		gi|284812210|gb|AAP56926.2|	gi|3844778|gb|AAC71401.1|	
N1.HOG0000455	OG0000574	-		gi|31541648|gb|AAP56948.1|	gi|1045712|gb|AAC71256.1|	
N1.HOG0000456	OG0000575	-		gi|284812227|gb|AAP56967.2|	gi|3844647|gb|AAC71253.1|	
N1.HOG0000457	OG0000576	-		gi|284812228|gb|AAP56969.2|	gi|3844875|gb|AAC71517.1|	
N1.HOG0000458	OG0000577	-		gi|284812245|gb|AAP56998.2|	gi|1045728|gb|AAC71271.1|	
N1.HOG0000459	OG0000578	-		gi|284812254|gb|AAP57010.2|	gi|3844631|gb|AAC71238.1|	
N1.HOG0000460	OG0000580	-		gi|31541743|gb|AAP57042.1|, gi|284812273|gb|AAP57041.2|		
N1.HOG0000461	OG0000581	-		gi|284812282|gb|AAP57052.2|	gi|84626126|gb|AAC71234.2|	
N1.HOG0000462	OG0000582	-		gi|31541763|gb|AAP57062.1|	gi|84626158|gb|AAC72481.2|	
N1.HOG0000463	OG0000583	-		gi|284812300|gb|AAP57075.2|	gi|84626152|gb|AAC71218.2|	
N1.HOG0000464	OG0000584	-		gi|284812301|gb|AAP57076.2|	gi|84626162|gb|AAC71217.2|	
N1.HOG0000465	OG0000585	-			gi|3844635|gb|AAC71241.1|, gi|1045734|gb|AAC71277.1|	
N1.HOG0000466	OG0000586	-			gi|1045703|gb|AAC71248.1|, gi|3844684|gb|AAC71314.1|	
N1.HOG0000467	OG0000589	-			gi|3845032|gb|AAC72459.1|, gi|3845033|gb|AAC72460.1|	
